31568	Bro is a bitch, fucking cunt 
30734	I'm rewatching Breaking Bad & I could see why I hated this bitch the first time I watched this show; Skyler is such a cunt & a fake as wife
31139	Bitch you ain't gotta call my phone, matter fact all you hoes can leave me alone!! ğŸ’¯
32479	Bitch....how the fuck. Siri you a dumb ass hoe 
33818	Im going to explode if I have to listen to these entitled, privileged cunts bitch for ONE MORE SECOND about their inconvenient FREE flights
34138	He is a snake ass bitch. He is a fugly slut who shouldn't be trusted and I'm patiently waiting for him to be 18 cuzâ€¦ 
34165	You seem like a hoe    Ok bitch? Did I ever deny that?   Nope, Next.
33150	happy bday to my big boobie bitchğŸ‰â¤ï¸ily and im so sad i cant be there with u to celebrate but dw u hoe we'll partyâ€¦ 
31484	Open your mouth & take the meat like a hoe you bitch ass
31961	& for the hoe that think she don't do what the dummies do... you's a dummy bitch, and a ugly one at that! ğŸš®
31616	bitch whole pussy out wit some pro-keds on.
33238	is PROOF that theyre more privleged. also my bitch mother wont bring my pizza rolls up here like the lazy cunt she is so brb.
31004	Tell that bitch to pay me if she EVER tryna rape me
34187	I am a broke bitch that wants the bts puma shoes and I cannot pay in love
34421	the crazy part is, y'all be moving on soooo quick. out here talking to a new bitch the next day. you are a straight burnt out hoe LMAAAO.
33494	Of course life is a bitch. If it was a slut it would be easy
33195	Women empowering other women - That shit is lit. Like yasss bitch, you are amazing, go you. We can all shine TOGETHER â¤ï¸
33561	Karma is a bitch baby, oh you wasn't trying to chill hoes, remember that, one day karma kicks you in the ass and I hope she wear steel toes
32871	You the whore; slinging your dick back and forth through every bitch 
30646	"This white lady just told me I was ""too young"" and ""a baby"" BITCH I'm married with 1.5 kids, paying my own goddamn bills, ğŸ—£ lee me alone hoe"
33025	if tha shoe fits.. put dat bitch on nd do sumn bout it if u dont like it
34459	that cheap bitch you rat classmate been worship lmaooooooo my expensive ass can't relate at all and will never relate to that cheap whore
30691	This bitch got one time to fuck wit me or my dad n ima let her whore ass know
34196	You sho right bitch ğŸ˜¡ bless yo little heart hoe
32520	Keep the toxic people out of your life because they ain't nothing but bitch ass hoes
32438	First thing they say is that you a hoe . Bitch where... 
30700	Whoever did this to me you a bitch and wish nothing but the worst to you. 
32697	i'm saving money rn to fuckin buy those puma shoes bitch
30848	Karma a bitch nasty hoe
33553	I told them hoez I only neede one pain killer but they told me take 2 just in case and bitch let me tell you
32726	"If you one of those ""you prolly was with your other hoes"" type bitch then YOURE FUCKED FOR LIFE!! lol you're dying alone for sure."
30552	This fuck is a weak cunt and puy his fellow country men in a bad way with the rapefugee invasion. Deport THEM ALL.
32202	Then I hit the club ballin wit a bad attitude. hoes like who u think u is? I'm like bitch who is you?
34110	If a bitch talk down on you when your down that hoe don't deserve you when you up
30165	Yall Trash Buckets really never warned a bitch in the TL about Haitians But EYE SEE YOU HOES
33718	When you're just tryna be happy, but then a bitch ass hoe comes along and ruins your day..... 
32168	Fucc these hoes get you a bitch with good credit ğŸ˜†ğŸ’µ
31172	that hoe already know i don't like her fat neck ass then she got the nerve to cut my ass off! bitch park your car, let's fight ğŸ˜’
33243	If it's fuck me then it's fuck you. Y give a fuck? Yall still ğŸ‘¿hoesğŸ‘¿ playing tic tac like some bitch ğŸ‘¿ass kids. Undercover ğŸ˜¡booty faggots. ğŸ‘¿
32608	You a hoe if you crying because yo ass pregnant. It was all smiles while you was riding that dick bitch.
30176	ğŸ˜‚ you don't see me on this bitch talking bout no female ion fucking care bout you hoes ğŸ’¯
32742	bitch ass hoe you feel me
34198	Definition of a whore/trash/piece of dirt/bitch 
32844	It's still Fuck OJ. Bitch ass nigga. But good for you. Lil hoe.
31591	Not to sound like a corny ass bitch but like if I think about my friends too long my eyes begin to water like I LOVE you hoes.
33469	"Islamic migrant urges Germans, Austrians to give rapefugees ""Their Homes and Money"""
31788	I'm not out here entertaining dudes bout shit. 1. I'm pregnant with a whole ass baby. 2. What kinda dirty trick ass bitch u take me for?
31331	im gonna be that bitch colorful does NOT equal galaxy CHECK YOUR SELVES 
33345	Some of these Instagram hoes have herpes. Bitch you nasty
33500	I chose cunt instead of bitch because cunt is the worst curse in the world to the whities
33434	bay bitch  always on the move witch  dick to dick  don't know who to pick  you think you're going up  i'll keep it on the low  you're just a hoe
33156	Cardi B gone have some of these hoe with a lump on their head...bitch I'll slap you
30175	me: be kind to everyone x spread love and positivity x  me after a bitch crosses my path: rot in hell you dumb whore
33180	Ronnie is a fucnign cunt asshole bithc I want him to get knocked out
30023	A hoe is always gonna be a hoe and a bitch is always gonna be bitchin.. you're both
30724	you a gay ass bitch who seeks attention, STOP! I knew ever since you gonna switch up on me... I guess you did FUCKING SNAKE ASS HOE!
31193	I got 99 problems and hayfever is the biggest bitch of them all the cunt
32586	To Whoever the broke ass bitch that stole the seat off my atv...fuck you man! I gotta job I'll buy another.
33690	I'm really too grown to get out w a Bitch to fight but it's a certain level of disrespect with you whores and I will handle mine
31618	you on twitter in yo feelings on that hoe shit, I know the feeling I had problems wit my old bitch ğŸ˜†
31777	These lil mut whores keep dickeating my man and they not even fans like bitch gtfoh
33727	Got my young bitch kickin flavor she gone flex on you hoes
33365	bitch please stop calling me candy mouth , fucking whore 
32019	Dicksucking a bitch that don't even like you ğŸ˜‚ğŸ˜‚ğŸ˜‚! I hate fat lame hoes bro seriously
34046	That bitch on the spoiled whore list   Thought she could play games with Drake but forfeit
30600	"ğŸ˜‚ğŸ˜‚ğŸ˜‚ ""Queening"" ? BITCH, you tried it! ğŸ’€ more like bumming with hoe intentions"
30081	I'm tired of bitches wearin no clothes then got the nerve to say niggas is insecure like bitch I'm tryn help you not look like a hoe
33170	Depression is a whole entire bitch
31530	I'll never eat another bitch pussy as long as I'm breathing you hoes are nasty
33132	*calls you annoying and talks shit about you  *proceeds to try to follow you on social media  ???  Bitch I dont blame her. Fucking creepy hoe
31526	If you have a bitch, don't text me. Don't try to flirt with me. Respect your hoe. I should not have to be the one defending this thot.
32657	ğŸŒğŸŒğŸŒğŸŒ you're my Bitch ğŸ˜˜ I love you && I love spending time w you hoe. I hate you tho
34564	My momma should've killed my pop and his cunt bitch lmao. At 6 I would've been like TAG ME IN MA!!! Slicing ankles and shit.
31844	Get it right bitch . im wife hoe . and nun of you broke bitches cant replace me .
31486	got the same cum dumpster whore i always get at post office. gave me a hard time. bitch.
30053	Bitch, fuck you. â€” Lmaoooo f u too hoe 
33713	ğŸŒ¶ğŸŒ¶ğŸŒ¶ hey Dave ILYSM haahah bitch you're my karaoke whore! Hurry tf and get back we finna do shit LMAO! I love SM boo thank you for everything
32837	Joffrey is a bitch and I cried of joy when he fuckinf died. He killed my fav whore , Ros . He was a rat too 
34235	I must be a cunt or some fucking horrible person to get treated to way I do by some people. I should just change and be a ruthless bitch
32297	She's a hoe, she ugly, such a bitch YOU DATED HER PLZ SIT DOWN FELLA
32938	brianne swear to god she beyoncÃ© ğŸ˜‚ bitch you from the calliope project ass hoe
30012	when ugly hoes try to come for you .... Bitch DISGUSTING
30804	Nigga you look like slavery in the flesh oh Plymouth Rock landed on you bitch ass nigga 
30785	Fucking cheating bitch whore.
31229	like you dudes be so worried about ya bitch being hoes but y'all deadass be the maaainnn problemmm. look in the mirror and you'll see a hoe.
30545	I'm not about to wash a grown ass man dishes. Bitch I don't live with you or contributed to that filth. Hoe you NASâ€¦ 
32829	if you hitting women you a bitch
31635	When you was young yo mama dropped you on yo head hoe, cuz bitch you got some issues
30194	Bitches kill me with that bitch wanna be me hoe you don't wanna be yourselfğŸ™„ğŸ˜’
31397	She fucking on me, she selling you dreams, that bitch is a hoeğŸ—£ğŸ—£
32042	To whatever little ain't shit fuck face being a little bitch sending screenshots to my YOUR MOM IS A FUCKING HOE ğŸ™ƒğŸ™ƒğŸ™ƒğŸ™ƒğŸ™ƒ
31772	Now it makes sense why they cast that dumb Bitch Lena Dunham. Her cunt ass looks like she would join a cult 
30118	Stop tweet watching my shit bitch you don't even follow me HOE
33178	I hate when a bitch call you ugly hoe you had to Sneak up on a mirror ğŸ˜ğŸ˜‚tf
30106	Fuck a bitch these hoes Trife I anit looking fa no wife if a nigga fall off you think that hoe gone getchu right
32638	"Every light skin bitch use this emoji ""ğŸ¯"" when they saying they a snack. ğŸ™„ Hoe you taste like butter not honey hoe."
34095	Every bitch got a rainbow in her bio or by her name so all you hoes gay now or is it a wave y'all on
32607	Hoes will be hoes, bitches will be bitches, and Eryka will be mothafuckin' ERYKA! Thank you bitch!
33848	Bitch ima zoe i dont do pledge of Allegiance fuck you lil hoe lock the door if you leaving ğŸ™ƒ
30916	That trophy hunter is one son of a bitch. What a cunt 
33502	â€œ No yo ass single cause you tell yo bitch business... to unknown hoes. â€
30540	Your bitch a hoe I be fuckin her mouth if she ain't fuckin I'm kickin her out ğŸ™„
32858	Ok bitch nigga. You don't even watch basketball! Stfu. Who was the laker coach this year? Bet yo hoe ass look it upâ€¦ 
31355	needy hoe smh called out. i love you though bitch ass ğŸ’™ 
33876	Iâ€™m so tired of seeing these dirty ass rat hoes getting on this bitch bashing niggas you got treated like a hoe who the fuck cares ğŸ˜‘
31017	I'm really trying not put yal fake ass spiritual ass hoes out but bitch you pushing it
33545	Soon I'm done fucking, bitch put your shoes on
34050	He's not a monster...  He's a bitchy little cunt. 
33151	A bitch will  fuck with 4 different niggas and all of em to be faithful to her ğŸ˜‘HOE YOU CRAZY!!! ğŸ˜‚ğŸ˜‚ğŸ˜‚
32106	karma a lil dirty slutty sneaky bitch
32650	Never understand why you would wanna call a bitch that like me or wanted to fuck me before,your friend ğŸ’¯ is them hoes yo friend Fr ? NoğŸ™…â€â™‚ï¸
32911	then it's like i'm not finna have no lil nigga raising his voice at me. bitch, i will dog walk you like the rest of these hoes..
34326	"The first sexual attack against a woman happened in Hungary. The criminal is a ""legal"" afghan rapefugee. This is how Orban protects us."
30710	Whoever's just hacked my bnet i hope you die in a ditch bitch
30103	I love you...bitch. I ain't never gonna stop loving you...bitch. You're my best friend in the whole wide world and I can't wait to hug you
32781	And if you ask me, you a bitch ass nigga if you let another hoe disrespect the mother of your kids ğŸ‘
31161	Other people: gosh darn it  Me: god damn tittie fucking cunt ass bitch mother fucker
33446	Absolute state of that cunt that just served me in Dunne's. Ignorant bitch
32906	So now you friends with JAVEN bitch fuck you hoe ! ... â€” OMG BITCHğŸ˜‚ğŸ˜‚ğŸ˜‚ğŸ˜‚ 
32514	Hey Bitch stop quoting Jimmy Tatro you fake ass bitch hoe
33301	bitch im gonna get that damn pair of shoes aMEN
30967	don't speak on me bitch if we aint cool!!! none of you hoes!
34013	You can fuck my bitch you can have my hoe
33484	Joffrey is a bitch and I cried of joy when he fuckinf died. He killed my fav whore , Ros . He was a rat too 
31289	I'm tired of these hoes  saying us niggas ain't nah bitch you ain't shit either tf
32718	And remember people, the bitch that OJ killed was a lying cheating whore, so get over her!
30149	I'm not about to wash a grown ass man dishes. Bitch I don't live with you or contributed to that filth. Hoe you NASâ€¦ 
33773	Kick off ya shoes & relax ya fuckin feet bitch
34478	Why niggas be cuffin proud whores though? Nigga we use to call that bitch Smash Mouth
31432	You put your bitch on the shelf , Nigga I make my hoe bring the cab back 
30417	Stop playing with these women hearts. Karma ain't a bitch to play with, she really has no feelings.
33663	I feel like such a bitch and cunt rn ğŸ˜­
30601	He's implying the Chemnitz demonstrators are nazis. They are family members, friends and general public who've had enough of the mass rapes and murder of children, relatives & friends by gimmigrant rapefugee invaders!
33955	I'm not a slut, just a whore
30706	Bitch a ye Ali groupie and not a jgray groupie ur a goofy whore
33056	Omfg this bitch is so annoying always talking shit about everything, get a hobby & stay out of everyones business you damn attention whore
32299	Fuck these hoes! can't no bitch do shit for you but give you a headache and tell you want to do & what not to do
32534	mann fuck a bitch , fuck feelingsğŸ–• .Yall Hoes sneaky ğŸš®. I Hate All You Bitches â—ï¸. Wish you Bitches Die ğŸ˜Œ ..Goodnight ğŸ˜ğŸ”‘â¤ï¸
31787	I fr hate when people but black screens on Snapchat and put a whole damn rant on their story. Like no bitch , that's not what snap is for
34117	I don't just follow hoes on twitter/Instagram who just cute....bitch you have to have at least some type of style or talent
33398	bitch if you were a cookie, you'd be whoreo ğŸ™„ğŸ™„ğŸ™„
32436	These bitches want you to bring something to the table... that other hoes are sittin at    Bitch.. i dnt do team meetings
32283	Then stop being a whore and tell her? Dumb bitch 
33362	Nigga they donâ€™t like yo hoe ass no more so they unfollowed you. Ainâ€™t no glitch bitch lmaoooooo 
30298	lmao bitch tf you saying you a hoe now that you got a mans you think you a saint??
32579	And a whore got locked up doing you know what.. And I'm thinking like yo niggaz trained this bitch in high school.. ğŸ’¯ğŸ’¯ğŸ’¯
31780	Dont tell me about yo hoe storied n then try to tell me you dont suck dick ğŸ˜ bitch who are you foolin.
32882	Tell that hoe I dont want you bitch I'm done
30266	You know Ima get it bitch ğŸ’° until my casket closedâš°ï¸ , I've been chasing paper ğŸ’¸ nigga you been chasing hoes ğŸ˜´
33125	i didnt tweet that junhoe is that bitch today but just remember that he is that bitch
34263	These hoes gone break your heart but aye that's yo down Bitch tho
33073	Fucking hate females on here who just whore themselves out and then moan when guys respond! Fake bitches! Thankfully i DON'T respond!
31239	That fucking cunt is so irritating , what a bitch
33430	Bitch I clearly realized that already look at my name. Dumb cunt 
32066	on me ima have this bitch blasted, i had enough of this bullshit i hate crying cuz i have to hold in the urge to kill an old cunt
34254	You cuff dat bitch you goofy hoe cause my brudda josh been break dat hoe.
30869	"Fuck those ultra liberal cunt rags on ""The View"". They should be careful of what they say. They're hateful bitches pushing tainted agendas."
31874	You broke ass bitch act like a nigga want y'all dusty inside out ass pussc you hoes need to die and come back to life and restart.
33891	And you're a hoe like you I said mind your business or get slapped, you wish it was you they was arguing over bitchâ€¦ 
32140	Swap shoes with me, bitch. Lets see how you would cope.
32778	You know ima get it bitch until my casket close, I been chasing paper nigga u been chasing hoes. I tore my acl I ball too hard like d rose ğŸ’¯
34444	This bitch so pressed lmfao, like Dana still sleeps good at night move on you lame ass hoeğŸ˜‚ 
30430	If she cheat on her bf for you don't let that hoe tell you you special... that bitch fuckin errrbody play ya part big pimpin
30086	Pussy ass bitch cunt fuck I HATE YOU.
30928	I've never watched a single episode of Game of thrones   Good for you bitch you must be a broke hoe can't afford hbo
32505	"Bitches think it's easy for a nigga to trust them.Bitch we seen way to much to trust you just cuz u say u ""not like the rest of these hoes"""
30108	welcome to thailand bitch- we find rape culture very humorous and we make jokes out of it smh
33421	Suddenly this hoe is cb shipper, bitch get out, more than once you insulted the cb shippers slkfksdn
32872	I want them and to fight you bc a bitch can't even buy those shoes in america 
34226	Hoes be so pressed like bitch I'm younger than you and shitting on you!!!
30269	stop being a bitch online you look like a low class hoe selling herself to nasty bois
33746	Bitch shut up u a whore 
31121	Going back to Cali strictly for the weather, women and the weed, Sticky Green! No seeds, bitch please ! - Biggie Smalls
33006	Cause that's my mans bitch! Stop dicksucking hoes who hoe you lame 
30263	how can i get those mf shoes bitch
32629	bitch you been havin 2 / 3 dick appointments in a day but don't shower in between lmao dirty luh hoe ğŸ˜‚ğŸ˜‚ğŸ˜‚
33000	You trust that bitch ? Damn you trust that hoe ?
30913	Lil' bitch! You can't fuck with me if you wanted to! These is cheap, these is Walmart shoes! ğŸ˜‚ğŸ˜‚ğŸ˜‚
33271	beauty and the beast. that bitch fell in love w a whole animal before she even knew he was human tf 
31920	They cant even grant us a small Hebridean island to be away from all the poisons of modernity, they are now importing their rapefugee armies to every corner of this island, this is about destroying us, nothing less.
34561	âœ¨ğŸŒˆ: wasupppp dykeğŸ˜‚ I love you daddy lmaooo you my bitch and you cute and gay asffff smoke one before school hoe !
31306	& mines better bitch! You playing with me on twitter like you wasn't fucking the friend. Shady ass hoe. 
32499	Fat whore!!! Ugly bitch!!!    Me: 
33817	I want them and to fight you bc a bitch can't even buy those shoes in america 
31210	rah don't turn up at my door acting like a cuntğŸ˜‚ u drove to me bitch
32649	stop JUDGING bitches by there cover, jus cuz she bad don't mean she's a catch shawdy could be a whore ğŸ‘€ das opposite of a keeper
30591	Bitch idc when Ima see you hoe!!! 
33424	"Y'all: ""you a hoe""    Hoe me: ""that's hoe CULTURE to you bitch"" "
30142	A hoe ass bitch & a bitch ass nigga only gonna act towards you the way you allow them.
34501	Ugly bitches N FUCK THAT WHORE FUFU YAI
30659	Tagged me bff in a meme today and she decided she'd be a bitch bout it cant believe the wee cunt would do somethinâ€¦ 
32291	"3) ""you okay?"" ""Fuck you you fat bitch."" ""Fuck you too whore"""
32016	i gotcha man thats all i gotta say everybody know you a hoe anyway bitch recognize i got these thick thighs
32385	You bought that bitch a pair shoes I bought a pipe lil nigga aint neva use one squeeze dat bitch with all my might lil nigga
30332	I talk a lot of shit about hoes but Fr tho fellas why would you want to be broke fuckin wit a female you can't even get the bitch no fries ğŸŸ
30119	I dont want your bitch nigga. If i did her bags and her shoes and jewelery would get better.
30878	Dumb cunt ass cheating bitch doesn't deserve shit in this world but herpes ğŸ™‚ğŸ™‚ğŸ™‚ 
31542	Sometimes I wish my bitch ass wasn't clumsy bc I fell and scraped my knee at the pool and everybody saw me fall
33087	Rich as my bitch on the side hoe I got more than you know, HOE I GOT.! Look watch
32192	Love that u used WOMEN instead of bitch. 
33752	My man bag cost four thousand bitch your bag cost no thousand Ahahahahah ahhhhhh deexxxterr silly lil hoes
31796	Fuck fuck ffuck shit piss ass faggot fucking fuck bitch cunt suck my dick fucking fuck
33737	Don't let these jealous hoes trick you into thinking you ugly . Slay bitch ğŸ‘‘
30575	But I'll just look at God and be like...let that worthless cunt cry a fucking river until she drowns herself in it...fucking hypocrite bitch
30525	Bitch you better bite that tongue before I rip it off hoeğŸ˜‚
30241	You the whore; slinging your dick back and forth through every bitch 
34580	"IF YOU HAVE TRIED TO GET W/ A GIRL YOU ARE NOT ALLOWED TO CALL HER DEMEANING NAMES LIKE ""slut, whore, etc"" SORRY BOUT YALL ğŸ—£ğŸ—£ğŸ—£"
34476	i don't care what a bitch think or how a hoe feel, cause ain't nann one of you hoes paying my bills ğŸ˜› 
32492	Bitch you can go around me I'm not moving dumb hoe
34373	One thing about me idc what comes out of my mouth or who my words hurt. If you take offense you're just a bitty bitch or hoe ass feminist ğŸ’€
30065	hell yea bitch dis go hard as hell flocka i will suck big dick team slut all day and week month year and century i love big naps
32572	Iâ€™ll tell the baddest bitch around â€œhoe you uglier than Tory Lanezâ€™s jumpshotâ€
31390	Bitches Boyfriends/baby daddy/ husband be locked up for 10 minutes and already going out to be a hoe bitch you sad ğŸ˜‚
30705	If you can go to a bitch house and FUCK her nigga them hoe you better help pay rent in that mf !!!!!
32633	I know dis bitch thats letting her hubby rape their daughterğŸ˜’ the world fucked up 
34361	i despise that bitch cunt...
31445	walk a mile in my shoes bitch i cant even walk a mile in my own
33659	Say lul bitch you can't fuck with me if you wanted to , these expensive these are red bottoms these are bloody shoes. ğŸ”´ğŸ’°ğŸ’¸
34016	happy birthday to my hoe Bitch I love you hoeeee , turn up get some dick ğŸ˜‚ğŸ˜‚ğŸ’–
32365	I will never trust a hoe I to went outta respect, that still double crossed me...     Bitch you alreay lost !!
34506	You can always tell a wack bitch by her shoes ğŸ˜‚dead ass
31249	..I can't stop what a hoe say on the internet but bitch don't ever think you bad enough to speak on my kids in my presenceâ€¼ï¸
30397	Other people: gosh darn it  Me: god damn tittie fucking cunt ass bitch mother fucker
33060	bitch you best know I'm gon' have a four loko keg (IF) i ever decide to get married for all my down ass hoes at the funcction ğŸ‘ğŸ˜¤
33965	If you're a man and you're shoe size anything under a 10 yous a bitch
30313	All this dick in the world and you hoes wanna be sides. Your biscuit bitch. Are you proud?
30572	you're a dirty whore to me if you're only available to a nigga when you know him and his bitch are on bad terms. lmfaaaooo do better.
33910	"I hate a ""I can't have no ugly friends ass bitch"" like you just a Rihanna lookin hoeğŸ’€â—ï¸âœ‹"
33525	"They should have beaten the ""teen"" (probably a bearded rapefugee) within an inch of his life. Castrate and deport."
31569	I encourage all my friends to do everything so if they want to be a hoe, bitch I support you.
32739	My tweezing skills got me and my frontal time traveling, we in 2020 bitch! See you hoes l8r ğŸš€ 
33298	i am not the one defending racists. you are. you NEED knowledge. bitch suck a dick and die slow hoe. 
30802	U have NO right to judge which women are better you bitch
30741	Whoever has said zouis is dead or has gave me any shit for believing in zouis you can choke bitch 
31301	ohhhhh bitch, i aint even watch the whole thing the first time 
33348	ima mf asshole, bitch I'm the shit.
34311	madami ako nababasa na victim of like rapes and the people are blaming the victim pa like bitch diba they are innocent
33215	Im tired of being quiet and nice. tired of this hoe thinking she got something over me, bitch you dont. keep quiet over there
31091	Everyone wanna be carefree, a hoe, spiritual, allladat summer 17' like it's new ğŸ™„ğŸ™„ bitch, find yourself and stop following the hashtags
33092	hadda unfollow that TALKIN ass bitch damn hoe you annoying
32049	If a bitch fuck another nigga and you take her back shes making you vulnerable to getting clowned by another that hoe isnt on your team.
33403	Saudi Arabia is the U.S's bitch, they fuck her and then give her skyscrapers and gold plated cars. While the rest of Arabia starves.
30583	shut up i love Those puma shoes already but a bitch is broke so ,,,, im Still going to try to buy it ğŸ‘…
33472	S/O to all you lurking hoes and bitch ass niggas ğŸ˜‡ğŸ–•
33117	My mom said when I did she call dibs on my shoes bitch why you thinking about your child's death tf ğŸ˜‚ğŸ˜­
32848	how bout you mind your fucking business bitch. be moral....silently. hoe. 
30168	Yo... Miguel Arango is actually such a hoe when you watch Rebelde again like he cheated on Mia then kept secretly liking Sabrina.. bitch bye
30607	u scared to rape a bitch? I cant relate
33814	im a bitch and have sick sense of humor so no one likes me but i'm just like whatevs boo you whore
31147	Snake ass hoe I could never fwy I know you're writing STATEMENTS BITCH! U really wanna talk to twitter
32783	a bitch that can fight will be quick to tell you what your man is doing it's these scary hoes that keep quiet lmao
32548	I hate sneaky hoes like bitch gtf back in your lane before I put you there.
33210	You wanted to leave me now you stuck with money hungry stuck up hoes good luck finding a faithful loving bitch like me ğŸ˜‡
33859	You was a hoe in high school now you a hoe in college congrats lul bitty bitch ğŸ˜‚
30683	me and my sisters dog walking any bitch today so come on all you hating hoes
33283	And who claims rape on twitter lol. Uh come on now bitch .. 
30123	Why don't you sound Mexican? Because I learned English from the street bitch, straight out of Hope Arkansas hoe! .. anymore questions â˜ºï¸
33085	It's funny trying to be told what to do  I will wear what I want  Talk to whoever I want  Post whatever I want  & be whoever I want to be, bitch
34141	let me clear things out. rape could happen to anyone bitch and everyone is a fucking potential rapist
33899	This fat bitch Florence is apparently supposed to land right on top of me, so I'll be out of town (& likely offline) for a little bit, which means I'm officially a rapefugee.
30811	"Chicks be 2 weeks pregnant and be like ""what my baby needs, I got em""....bitch, your baby need facial features first hoe."
33477	My little brother should've been a girl I swear he's the biggest cry baby little bitch like how my dad & sisters are assholes??? ğŸ™„ğŸ˜’
31250	Get raped bitch
33091	You sound like a bitch in sum messy hoes business
32300	how about i knock heads off and send them gift wrapped to your moms house you dumb raggedy bird bitch ass hoes
33722	She's a hoe, she's ugly, she's a bitch, she's this, she's that .. but you dated her ? please, take a seat.
32826	The double standards of bitch amazes me. These hoes lose their mind when you do them how they do you.
32779	There's so much other shit that can go wrong in a relationship, I don't have time to bitch over you liking pics. I'm liking them hoes too.
31837	Hoe you save my messages on SC bitch I'm blocking you
33807	You won't catch me on this hoe arguing with a bitch lol , bitches are not worth my time ..
31541	bitch I'm gonna slap those hoes commenting about other members when YOU SHOULD BE GRATEFUL THAT NAMJOON IS THERE 
31199	Kyrie was like Gee Money. Lebron was like: Is that all this about some skeezer fuck that hoe bitch you think I give a fuck about her LMAO!
31044	watch what you saying lil bitch watch what you post lil hoe
31296	He gone tell me he gotta come to MY house so ME can wake him up for work in the amğŸ˜’ bitch have one of yo hoes wake you up
34495	You hoes barely got this & that but be quick too say sum bout where somebody work bitch go get you a job ho
30040	I can be around a bitch and they only know my real name . Keep these hoes out your business baby
33908	Life's a slut, a dirty hoe, either way I can't bitch. -Young Jeezy
30769	sarah the triceratops is such a bitchy lil cunt
33776	Dese bitches will whore around lookin fa love; pathetic ğŸ˜´ğŸ˜‚
33280	Fuck i'm drunk but if you meet a mf by the name of tanner parry at any bars by all means fight that bitch he's a hoe ass motherfucker
31538	i get whoever i want, bitch you ain't me ğŸ˜‰
31013	hannah hoy from hubbard a xanny fiend poppin bitch talkin to her ex and mine little crack whore ğŸ˜‚ğŸ˜‚ wassup w it hannah
31094	lani is such a cunt omg the bitch is always coming at people for their looks like sorry can u pipe down
34168	Fiona a whore, Sammi a psycho annoying bitch, Carl a wanna be, Debbie a try hard, Mickey is actually a sweetheart, and Frank a scammer
31234	You & yo bitch some ratchet Bonnie & Clyde hoe
31836	I'm about to bitch slap bro so he know he's a hoe
30649	"Whenever HP is on I have this sick need to watch it & bitch the whole time.   Scene that grind my gears:  ""HARRY DID U PUT UR NAME IN GOF!?""ğŸ“¢"
30548	Yeah bitch I am gonna restate how bad I wanna move out and start my life away from my asshole family
33581	You want nd brought dat bitch a pair of shoes I brought a pipe lil niggağŸ’¯
30184	Im tired of these im a gangster ass hoes ğŸ˜‚ğŸ˜‚ bitch you don't even know how to reload a gun and don't know where the safety at
31076	Yeah Bc this bitch boutta get raped and murdered so no shit she ain't ever comin back 
33798	don't say it in a curious cat bitch whoever tf you are
32559	lil hunky bitch you lil whore 
34520	How can some of ya worry about how the next nigga/ bitch livin. Who gives a fuck if they broke, or they out here hoein. It aint YOU, is it??
30539	get you a bitch to stan who can drag a hoe frm across the country, and promote her ep, i'll wait... 
31958	Neva trust a bitchğŸ¤˜ if she tell you she don't got hoes or nigga's her ass lyingğŸ’¯
31653	You hoes weak, on Facebook but be in the same bitch likes that u be hating on.
30689	i ain't treatin or spoilin no bitch unless she da main main got me fucked up haha who u think u foolin ? let hoes cash you out pimp
34001	Before I ever let a bitch make me mad I'll laugh at that bitch right in ha face ğŸ˜‚ğŸ˜‚ ion take you hoes serious
34068	And he knew he was in a position to help Kylie - bitch where? I hate that hoe but she got more of a career than you
34103	Wow bitch!!! Why don't you worry about your own damn self. At least she isn't the hoe that you are! Sure her day will be great w/out u in it
31174	To whoever stole Â£60 of my birthday money out of my room, you are a bitch and you're not allowed round againâ˜ºï¸ğŸ–•
31000	If i see and know you a hoe why would i hit you back up lol this bitch got a new nigga in her snap every day c'mon now females in GA WILD! ğŸ˜‚
30693	*is that all you do?* Bitch I like to smoke I'm living the life hoes
31881	I did not come to play with you hoes, I came to slay, bitch
34503	Yall gone stop gasing these hoes up .idgaf if yo ass fat . Bitch you black Asf and disgusting.
34133	Gabriel Graves Fuck You hoe I'm Make your life a living hell bitch
31408	All that pillow talkin nigga that's what the hoes do , YOU A BITCH
30189	Get you some money you too old to be gossiping like a lil bitch for a broke hoe y'all niggas real life faggots
34009	Don't nothing move til I sign you hoes mightiest well be my side bitch ğŸ˜ğŸ˜˜ğŸ’¸ğŸ’° 
31203	Bitches be selling they body and acting boogie, bitch you a hoe I see right through you
33275	katara u dumb retarded cunt bitch he is an actual human being with actual feelings
33790	You hit the hoe she lay there  I hit the bitch she fuck back  And boy  She is noisy  I can't shut her up  And boy she annoys me
30596	fucking dumbass fucking bitch fucking dumbass whore
33513	Some bitch told me I'm to in love with my truck and bike....  Bye bye cunt.
34314	do yall know what a hoe is? a hoe is that bitch that let a team run a train on her ass. a hoe aint the female playin you how you played her.
31949	Shut your dumbass up bitch we all know you a hoe
32639	Sallie MAE is the most annoying bitch EVER hoe I ain't paying you shxt lol
30844	Bitch whore son of bitch shit pig dinosaur elephant rhino monkey dog. 
34012	"Oh no, not Jed ""I'm gonna rape this zombie bitch"" & ""Anime games are pedophilic trash"" Whitaker.    Whatever will gamâ€¦ "
31031	I'm a happy bitch as long as I have the rainbond around and can drag hyunyoung whoever I want to.
32451	When I was a young bitch! I swear you hoes couldn't fuck with me! Miami 5 times in one year. From paying $200 for a set of nails .
30307	Fuck U bitch! He wasn't a fictional person, he was an internet manwhore!! He brainwashed me & never wanted to SKYPE ME & he used me for
33674	Bitches b saying no but body b saying yes ain't nobody bout to rape u bitch ğŸ˜’
30526	Just like every other social justice cunt: bitch doesn't know anything about the economy. 
33866	Riiiiiight...... Bitch I pop one of them green hoes and turn into the hulk. You gone have to shoot me. 
33049	I hate when people line their shoes up around the room. Bitch you not USED to shit. Your ass need a closet ! ğŸ™„
32375	". If yo ""suppose"" to be nigga entertain, fw the next Bitch , he disrespecting you , dumb ass hoeğŸš®"
31942	Nah bitch, you made me slice your damn tomatoes, took all our dressings, kept adding shit to your salad, and was extra af  You payin hoe
33044	Ion care what a bitch think or how a hoe feel , cause ain't none of you hoes paying my bills in ain't none of you hoes finna get me a crib
32381	Fuck these hoes !!! They ain't gone send you nowhere but to the clinic or hell , let that bitch keep them problemsâ€¦ 
31302	Why do HOES tweet about other hoes? ğŸ‘ bitch you're ran through
32963	niggas be hoes talk just like a bitch & no you aint real scratch that off the list ğŸ™ƒ
30824	Miserable loves company ğŸ¤—, that's why a bitch can't get an argument from me , argue with yourself hoe cause I like to fight ğŸ˜…
31883	She was just your hoe now she your bitch lmao
33242	Kirk Douglas raped Natalie wood and this son of bitch get to live 100 while natalie wood is dead
32219	Disgusting White Supremacist Whore. Drown in Semen bitch.... 
34403	This bitch at work had the nerve to ask why are all y'all wearing tye die.. because u lil whore it's lit
34592	"If a chick isn't a virgin before marriage, kill her.""If a chick disobeys her father or husband, beat her.""Only whores don't wear veils""- Religion of Lurv.Modern Firang Krischans are cucked LARPers and that's why their wahmyn are preferring to go to rapefugee camps."
32641	Do you think BeyoncÃ© is nice or a bitch â€” A little bit of both, depends on the time    Wonhoe w... 
32318	i would jus like to say happy birthday to the baddest bitch out there. love u hoe! 
33121	bitch you just said you don't fuck with that boyğŸ˜‚ğŸ˜‚ğŸ˜‚ hoe blew me
33408	Yâ€™all dudes need to learn how to respect your girl donâ€™t call her ya â€œhoeâ€ or â€œbitchâ€ cause thatâ€™s not what she is. Sheâ€™s your queen. ğŸ˜¤ğŸ’¯
30206	"I hate a hoe that wanna be bold asf till you confront they ass ğŸ˜‘ then they all like ""I never said that"" bitch stfu and catch this shit"
30749	Every bitch on twitter selling nudes on Patreon now? Is this how all you hoes have money?
34397	Now who tf could be jealous of any bitch that fucked w| Mazi?! Hoe you sick. 
32740	I hate that I fuck with you because you more than just a hoe like bitch the stores I hear the shit I see one day you going get aids ğŸ˜´
32011	This dude over here harassing my life again- as if he's apart of it. Shut the hell up little Bitch. Re open my twitter whore page you made
33394	bitch if you ain't screwed up lace ya shoes up.
30135	a bitch can never get under my skin about NOTHING i don't be paying you hoes no mind y'all be beefing with y'all self I be chillin
32920	Shoes? $1,200!  Glasses? Like $400.  But bitch, my outfit??  $20, bitch.    Get yourself together, bitch.  Learn how to budget, hoe.
32902	you can rent a hoe but you cant buy a bitch
33598	warning to all you dumb bitches: i don't do no dumb bitch/hoe shit. ğŸ‘‹
33767	"I got all these hoes sayin ""you look like Jeff bridges!! "" bitch are you blind?!"
33483	My mom called me a shoe whore and it's true </3 lol
32415	How about no we don't have to take in these rapefugee or not-doctors to make our counties 3rd world slums like where they came from.
33321	fun fact: this is a 1975 lyric and some local bitch tried saying this was about her & that I called her a whore inâ€¦ 
33374	You a hoe â€” Bitch, this ain't a question or a confession  
30304	You a bitch   You a hoe   That's just my philosophy
30052	Your a hoe looking to taken care of...nobody wants to deal with a lazy bitch...male or female!
31318	She asked if i wanna suck pussy biTCH I BEEN DOING THAT THIS WHOLE TIME
30907	Update: Blocked the bitch. Fuck that cunt.
31436	Fuck Mike hoe ass bitch ass he need to take his charge 
30668	okay? the bitch is still broke. go get your plane sis. we only respect them hoes that own they own plane! 
33852	But donâ€™t let â€˜em hear you fucking these hoes thoughâ°He gonâ€™ kill you â€˜bout that bitch
33281	umm bitch for all I know, their relationship wouldn't be that wrecked if you haven't been bitching around you thirsty hoe
32148	"*blows kiss*  ""You ok?""  ""Fuck you, you fat bitch""  ""Fuck you, whore"" "
33482	Import 3rd world savages. Have 3rd world savagery. It's almost like there's some kind of link there. Rapefugees Unleash Coordinated Fire-Bomb Rampage Across Sweden./news/2018-08-13/sweden-burning-migrant-gangs-unleash-coordinated-fire-bomb-rampage-across-multiple
34249	all these niggas that be friends stay in my DM.. bitch i am not a hoe, and no you will never fuck. y'all so damn annoying !!!!!!
33635	"Money isn't everything , But everything needs Money...    Sike money everywhere bitch fuck all you haters, hoes and fake ass ""friends""."
33726	Bitch, fall in love with edm doesn't mean you will go to clubbing and turn to be bad bitch be open-minded please.owhh hoes how sad you are..
34190	not letting anyone use my kids to be a petty cunt. Kudos to me bitch.
31105	bitch you don't deserve a good relationship stop lol nobody on this god damn earth would ever wanna hold ur hoe shit ass down
30004	Getting played like bitch why you so jealous... I'm not gone brag onna nigga I'm playing. That's what HOES do
30408	I like my niggas meanğŸ˜ğŸ˜ğŸ˜ If a bitch touch you look at her like she got horse shit on her shirtğŸ˜˜ and tell that hoe too back tf up ğŸ˜
31710	this hoe wasn't even a love , you was a like ... you dum bitch
30982	I know I must make a lot of you hoes sick; All I can tell you is get use to it bitch ğŸ˜˜
33282	I am a bitch and cunt â˜ºï¸ 
31506	theres nothing more i hate than joffery. cunt lookin ass bitch
30957	Bitch shut the fuck with your muggle ass...avada kedavra hoe 
33113	lulu:why soraka got her shoes on in the pool  soraka:those are my hooves you bitch
30535	She's a bitch...   No less than a whore. ğŸ˜¡ 
30684	don't be late with my motherfuvking glo bottle hoe . you better have that bitch ready for me at the mf door bitchh
33053	all imma say was harry was a cunt and I wanted his bitch ass to die
32264	Life's a bitch because a slut would be too easy .
31198	Assholes will bitch about a free meal because it was made by a 45 year old white dude! Fuccing assholes! 
30999	I wish I had a reliable down to earth bitch I could just gather and take with me when I move but y'all a bunch of sneaky cunts
33409	Fucking cunt ass bitches! 
31316	So the bitch that got my husband's schedule changed from 5-2 to 12-2 by complaining is skipping work???? I don't think so, cunt ğŸ¤”
30014	Sit up with hoes and discuss you , like nigga who raised you bitch ass 
33058	bitches be on this hoe reading threads on how to take care of their man and please em, like bitch if you don't figure it out fo yoself lol
33744	This nasty bitch raped her sister and WW are still team Lena Dunham. Seriously how
33658	You hoes really be doing too much. Like bitch nobody wants your lying cheating ass boyfriend. Relax
33135	Wish I was a Bitch, like just for one day can I be a heartless cunt ğŸ˜©
30952	you get to asking hoes question they start laughing bitch turn yo goofy down
32907	youn know nann hoe  That don' tried all types of shit  Who quick to deep throat the dick   And let another bitch straight lick the clit
31498	No bitch you need to answer the phone you fake whoreğŸ˜Š 
32321	I don't double tex bitch stop playing with me you saw the first tex hoe !
30509	Don't say no slick shit then swear you ain't mean it like that cause bitch na I'm finna hoe you ğŸ˜‚
33476	Stop Looking at us asshole.  You don't know me anymore.  I know you 're a bitch since jhs.  Sorry not sorry, but i'm a mother fucking bitch.ğŸ”¥
33104	Instead of calling me a nigger, call out your racist friend. you're literally gum on the bottom of my shoe bitch. bâ€¦ 
31079	I love the way I'm a bitch & a cunt for telling someone to piss off after they msg me 12 times in a row & I don't reply like omg ur a pest.
30294	cheaters deserve to die . bitch im giving youu my all & youu fucking somebody else . DIEE HOE
31638	love a romantic date in mallorca , reminds me of Lauren's date she had in Palma city silly bitch I'm still jealous . Even if he was a cunt
31005	Im sorry for being mean but if you are in my shoes right now i bet you'll kill this bitch.
33792	Not being boastful but OML I bet any bitch you fckin with ain like me period .. you down bad I promise them hoes  go bend and fold on you
31335	I was thinking they found A WHOLE catheter in there and I was like bitch please but that is vile AF!!!!!!!!!!!!!!!!!!
33161	Ion want your side hoe I want your main bitch
31148	Bitch I never cuffed yo rat ass you was just one of my freak hoes.
33677	bitch do you ever not come for people ? you're comi... â€” I COME FOR WHOEVER COMES FOR ZAYN OR WHOEVER TREATS... 
30588	Where are you going whore? Fucking bitch. -Random stranger I walked by today. I swear I am getting grief from everyone these days.
33733	When you gotta break check a little teenage bitch at 7am, already. Learn to drive hoe
31404	Me and Jayleen literally came at this bitches life because she thought she would be a cunt
32827	Bitch nobody really cared about u in 2010 tbh. You was just some regular hoe in videos. Cardi making music sis ğŸ‘€ 
30205	Who try to cut into a female then ask them to come over! Nope bitch cause I'm bout to hoe you ğŸ™ŒğŸ˜‚ğŸ˜‚ğŸ˜‚ğŸ˜‚ğŸ˜‚ hang up on me neowwwww
32987	These niggas fuck 12 bitches, but call you a whore for liking another niggas post 
33185	Trina:     Da baddest bitch > Look back at it > killing you hoes > Always> I got a thang for you > Nann Nigga > Fuck boy > single again > damn
32708	Why do you brake a lot ğŸ˜‚ bitch it's called putting gears in hoe
32563	Love is a bald headed ugly ass slut bitch, but hey we all have it in our hearts and go through the good and bad of it..
31657	You a snack time bitch, You ain't eatin meals with me hoeğŸ¤
33617	Calling hoes rudness gulliani. Lmfao fight me bitch god damn ill fucking kill you. Weeeeee.
32637	Bitch I ain't got no hoes, why do you think I have to settle and hangout w you on my days off?!?! 
30641	I hate being questioned about what kind of friend I am bitch you one of my friends u should know hoe been friends since the 7th grade
33764	Bitch don't think at all that you was different hoe you basicğŸ˜˜ğŸ‘
32071	You can never take a L off a real bitch, I'm hotta than them hoes that you chill w.
33675	females are even worse ğŸ’€ fuccin whores will clique up when they only got one thing in common = mutual hate for ONE bitch.
31717	Gold digging, incompetent, ignorant, insecure, Goliath ass bitch. Well fuck you. I'm David. I got my damn slingshot. Gtfo my house hoe
33601	Baby you deserve the better things.Let me show it, prove it. What these other hoes ain't doing. Let a real bitch do it, like I can
32073	this whore posts regular ass dumb bitch snaps/instas as if she doesnt have an accent
32978	I pretend to put my cock in jenelles mouthand pull it away last second and pound that bitches teeth out. Then thrust punch the mouthy cunt
32655	- lol little dirty whore , talking about OUR nigga.  Bitch I made him get rid of you.
32788	ğŸ˜‚ğŸ˜‚ğŸ˜‚ğŸ˜‚u always a hoe to a nigga that can't have you & ugly to a bitch that can't stand youğŸ¤—
31564	Bitch cunt dick
34108	The fuck do you even see in this bitch?? I  swear she will never tolerate you or actually care about u like I did. U r just another hoe
31324	Let this hoe touch this kid I swear to fucking god I will murder you bitch, FACTS
33267	LOOK AT THIS BITCH!!!! ğŸ˜ğŸ˜ğŸ˜ğŸ˜ thx for being my bffl. I love you, you crazy hoe ğŸ’–ğŸ’œğŸ’ğŸ’š 
30279	"That ""date rape is a grey area"" shit was the final nail in her fucking coffin. That dumb bitch is over."
31584	Idk who niggas play me to beğŸ˜‚ I can show you better than I can tell you thoe bitch
31211	swear, next bitch i fuck ima get her pregnant ğŸ˜ˆğŸ’¯ cummin for you hoe!
34446	"Talking bout ""he in my dms tho"" shut up bitch. You a hoe that's why lmao guys go after what they KNOW they can get."
34346	ğŸ“¹ rapemewideopen: listen to that bitch getting bred hmmmmm 
33189	if you like that weekend song you a side bitch ğŸ—£ let's argue hoes ğŸ˜‚
31163	Whoever is doing this you're a sick son of a bitch, fuck you! 
30479	Run a train ona a bitch is rape in others eyes
31910	Yeah you is not a bad bitch, looking at you hoe, you is kind of average
32836	And don't ask me who I'm talking about.. if you feel like that mothafuckin shoe fit then by all means bitch you rock it!
33988	When u give a hoe a compliment and the bitch don't say thank you ğŸ™„ I HATE THAT SHIT like who raised u?
34413	â€œbitch you been a hoe since the wombâ€
30359	"Apart from the cute ""building skyscrapers to reunite with balloons"" part this bitch is Cray Cray. "
30673	I heard that bitch stay on her shit. So you KNOW THE HOE LOYAL
30462	To all you hoes that rejected my shot this summer, you missed yo blessing Bitch
32210	"Bitch take ""Kardash"" out yo name. You ain't worthy hoe"
33106	Hoes be like what do you do for a living ? Where area you live in ? Nun yo fucking buisness gold digging ass bitch
34175	Bitches think just bc you ain't with the drama you ain't with the shitsğŸ˜ƒ bitch I'll smack you & whoever & still keep it cuteğŸ˜˜
30154	Like u wanna claim that you aren't racist but bitch what you're saying and retweeting how Tf is that not Racist u dumb whore
30992	Biggest hoe in Redding bruh so any nigga fucking with her I'm telling you now the Bitch got STDS ğŸ’€ğŸ’€ 
33039	You trick ass bitch! All these broke ass hoes going too 
30251	leave halsey alone u dumb ass fucking bitch i'll come for ur family you idiotic hoe
30665	Ok Twitter. . Double hit. Going for a block?  Cunt fuck bitch wanker..... go for it
31979	"I hate for females who hang with me but out here fucking my ""Property"" like bitch wtf you doing on my land! Hoe!"
31409	Gavin is a whole ass bitch like nigga ğŸ˜‚ğŸ˜‚ğŸ˜‚ğŸ˜‚ don't ever come for me and you haven't even hit puberty yet
33768	She like dick, dick & nothing else but dick. Cunt as bitch.
30599	Morning.  Twitter is being anal and trying to be a safe space for terminally offended.  Don't say cunt fuck bitch wanker ... cunts
33221	take your shoes off when you enter my home. bitch
30405	I should've fucking cursed this bitch out back when it wasn't my job to be polite lmaoooo consider yourself lucky you miserable hoe.
30409	Fuck i'm drunk but if you meet a mf by the name of tanner parry at any bars by all means fight that bitch he's a hoe ass motherfucker
32846	um who are you is probably the most dumb bitch response from a spoiled whore you could get.
31956	Bitch no one worried bout you you a hoe no ones worried bout you ğŸ˜‚
33666	Rape the rapist fuck the rapist rape the rapist and Im doing it with h8te bitch
31855	Your hoes be eating dick so skip the kissing ( stop it bitch )
34310	I wish all you hoes had huge ass feet cause y'all forever buying all the shoes on that nut shit, save me a 5 bitch damn!
31673	i LOVE you you are one of my closest friends here and i love everything about our friendship and i just love u so much bitch u are my hoe
30655	And what am i gonna do if they lock me up he asks ? Bitch I'll eat pizza tomorrow cause its Friday hoe
31896	bitch you & y'all weak ass body oil selection can suck my clit backwards, hoe.
34200	But bitch it wasnt about you! that's what im saying! and again you sitting here tryna make the shoe fitğŸ˜‚ 
32245	Hoowww did youuu get here?! Bitch I caught the bus hoe! ğŸ˜­ğŸ’€
33887	To whoever stole my Birkenstocks at work today, you're a bum. Bum ass bitch.
32046	Omg these hoes at Bank of America so mf rude . Like bitch if this glass wasn't between us I would snatch you up
31508	i hate how hoes think they know me like bitch you got me bent . if you got sumn to say say it . dont beat around the bush ğŸ™„ dum bitch
31180	You hoes can't rap stop it bitch âœ‹
32989	Man i wanna smack the bitch that sent 2pac to jail for rape ğŸ˜’ğŸ˜’
32325	Shoot her ğŸ˜‚ğŸ˜‚ bitch get out my house tf wrong with you hoe 
31733	i need a bad bitch to rape me today.
31747	I'm a bad bitch, I'm a cunt. ğŸ’˜
32527	The next hoe that you love I bet I'll make that hoe my Bitch ğŸ˜˜ğŸ¤˜.
31025	Whoever just unfollowed me you a bitch
33644	I know I can be a cunty ass bitch,  but for real I'm actually joking 73% of the time :)
32356	You can continue to sit in the punk bitch section with all the other blocked hoes 
31245	Do ppl just assume I'm a whore bc of how I look? Bc bruh this Bitch can't even get a text back soooo ğŸ’
31459	Cookin' up the cash, all I swear these hoes love Sosa Bitch tryna run up dope with my dick, that's your heart together Read
32304	the day a bitch tries to get me locked up for accused rape, i'll really slap the shit outta her
31263	Like that ugly ass bitch earlier who said I don't blend my makeup ğŸ˜‚ that wasn't tea. That was a cunt making an inaccurate statement.
31439	im that bitch that will fuck your homies when I find out u aint shit .. like damn I knew I should've hit him instead .. thats not hoe shit
31352	Fuck whoever said that cause you a bad bitch and far from a hoe Anna queen â¤ï¸ 
30874	That you have talking your noise on social media or when I'm in the house now because I beat your bitch ass up and kill you hoe
32465	Sunburn is a bitch whoever invents spf 1000000 i willlove you forever cuz i need that shit 
31861	Idk who that big nose whore is but you can hop off my ass bitch
33736	fuck marty that cunt ass pussy bitch
31627	ok I hate to be like that bitch but if your in the us how do you buy the shoes?
33867	A tragedy that should have been avoided.  To those asshole teens who refused to help...Karma is a bitch!  
34167	My cousins and dude made me slow down on being crazy, but I'm still the same bitch that taze hoes at the school house!
31913	Tia Blue a Baltimore City DSS administrator is a whore and a bitch.
30138	Some of you hoes think you so bad. You might have bad breath, bad credit, and be badly built but you not a bad bitch
34162	You my bff bitch even doe you always trynna curve me but Ik it's love I ain't leaving hoe â¤ï¸ 
30917	This rape advocate bitch just tried to tell me nobody falsely accuses people of rape.ğŸ¤”
31757	i don't even know that rapist pedophile dyke tranny bitch whore. tell her to go suck her own dick! AND YOU DIDN'T Kâ€¦ 
32195	Whatever happened to heartbreak songs with a rebuttal?   Him: Fuck u, u hoe, I don't want you back  Her: Good Lil dick Bitch I aint comin back
32671	Idgaf who u r bitch I will swing on any of you hoes who touch my bestie!!! Swear to god u ducking hating ass bitches!!!!!
33996	fuck peace and love hoe. you can get dragged bitch real quick
33562	Nail salon playin sad ass MFn songs totally ruining my whole treat yo bad ass queen self attitude while I try to hold back lil bitch tears.
31368	you can never take a L off a real bitchğŸ˜© im hotter than them hoes that you chill wğŸ˜‚ 
30495	And me and my friends are all hostile cunt bitches
33596	This hoe ain't have no money so why would I spend my money on you when you not my bitch
34378	whoever recorded this couldn't zoom in or some shit you had one job bitch 
32774	Keep ya bitch hood ... you don't want to play hop scotch w/ them scamming hoes in Hollywood.
32770	I LOVE BEING A HOE WITH YOU YOU ARE ONE OF THE GREATEST THINGS THAT EVER HAPPENED TO ME ğŸ’ğŸ’ğŸ’•ğŸ’ ily bitch i ain't everâ€¦ 
31109	A nigga never go respect a bitch who post nothing but have naked pics on here or showing there ass 24/7. You go be looked at as a rat hoe
32944	I want their puma shoes but a bitch is broke and cant afford them
31534	i would just like to say happy birthday to my favorite bitch. love u hoe! 
33622	Karma is a bitch and will get the asshole who did this 
31609	I hate a bitch that think she know me, friend or not bitch you only know what I tell you. Speak on what tf you know hoeğŸ–•
31132	Karmas a bitch hoe & on my momma you gon get yours.
34005	that cross eyed junkie bitch a fuckin lying opp and she don't deserve my best friend like go get raped again or something
34309	I know every word to Trina's Nann  Hoe verse, da baddest bitch x Trina, my neck x back x khia, crush on you & queen bitch x lil kim
31073	You hoes stay on that NUT shit stop giving the next bitch problems because THE NIGGA CHOSE not to fwy â—ï¸
33148	Whoever cut down the rope swing is a bitch
30328	ugh why are people so in love with me. living off my business WELLL bitch you put your whole life on here
32513	If a guy gets out of a relationship and he fuckin a new bitch the next day then yall saying he a hoe??? Smfh
31434	My boxers match my shoes bitch
31931	Get reckless Ima pull up with a stick nigga stop stunting for them hoes you a bitch nigga!
33045	"you're a hoe. stop trying to put another female down just because you wanna look ""funny"" for twitter. nooo you're a petty bitch."
31813	Niggas bitch about women because they not used to getting women.
32053	Fists fly, and so does a megaphone, as rapefugee crisis inflames local politics in Dhimmi Toronto area
30218	"Hey MPs_how many more times does this scenario hav 2 play-out b4 u WAKE-UP & smell d-BullSheet _this EU multicultural BS has been a clever""invasion""2 Destroy all NAT'L societies 2makeWAY 4_a_NWO oneWORLD Gov._U can't live in Peace with Barbarians whoWANT 2conquer U _DEPORTthemALL"
31664	Where are you going whore? Fucking bitch. -Random stranger I walked by today. I swear I am getting grief from everyone these days.
33164	I hate Fiona , dis bitch a fucking whore ğŸ˜‚ğŸ˜‚
34485	Idc if I am pregnant you hoes getting creative too this bitch keke called me Winnie the Pooh and his crew
31179	If you don't want your bitch fucked, keep the hoe from near me.
31687	bitch i want those shoes so bad they are so nice
33456	Look at me bitch I got everything you hoes want
32995	Used be my bitch I want you back but you a hoe now
32709	She called me a thot bitch you's a lil hoe too
33269	I have punched a kid, smoked weed with a cancer child. Killed a dog. Raped and got raped by some crazy bitch. There IS a line though..
32017	Bitches hollering it's tooo hot!! Well bitch go back to winter you can have that shit hoe you wasn't yelling it when yo ass was freezing ğŸ™„ğŸ‘‰
30021	lol i will beat the dog shit outta this bitch bruh i swear that 5 hour drive ain't shit i already don't like you lil hoe.
31950	You just fwm no more never did bitch ionkno whores
33061	You wear makeup bc you're insecure nah hoe I just like artsy stuff & makeup is fun as fuck to do. Find something else to bitch about lol
33412	but why do bad built/ugly hoes have the most shit to talk. like it irritates tf outta me, if you don't sit yo ugly ass down somewhere bitch
30623	Of course Life is a Bitch.. If it was a slut, It would be easy..    MAYWARD MahalKitaKasiBiga10Na
33225	bitch im tired of these ghetto ass parents . if your want your kids shoes to flop off them then be my guest but dont bring them back
31922	You one of them who take pictures of his legs at the beach basic bitch hoein 
33626	Whoever the last bitch you was fucking with tell her it's over ğŸ˜
32400	my bitch prettier than all you hoes. stay out my inbox
31496	I feel like the world mine on some scarface shit, if that your hoe on Instagram then don't tag that bitch
33928	your home boy your block that you're from boo boo lil hoes you went to school with boo boo bby mama & your new bitch boo boo
33686	I'm the most sensitive bitch in the whole entire world bc I take everything to heart ğŸ™‚ğŸ™‚ğŸ™‚ğŸ™‚ğŸ™‚ and I hate it sm
31232	If a nigga who knows you were with his bitch right before him and gives you the side eye  He a hoe
30792	Bitches wanna make a  post after I make a post thinking it's about them like bitch this shoe don't fit your foot , Not this time dummyğŸ’.
33017	I hate being used. lied to. taken advantage of. I hate fake people. Don't ask if this is about you. If the shoe fits lace that bitch upğŸ‘Œ
33416	Aww damn shawty dated the one boy now she dating his friend bitch you a slore you can't even. Be called a whore
30179	Lifes a bitch, cause a hoe is too easy
34290	I'm over asking a bitch to do my hair that I'm going to pay nobody got time for you flaking hoes ima just do my ownâ€¦ 
33230	Bitch how?? Nobody watched your videos. You we're just a hoe for male rappers sis.. U not even a rapper at all honeâ€¦ 
30592	i promise i don't miss you bitch shut ur whore mouth tysm
34030	Fuck you to whoever mirror I just punched off bitch don't cut me off on a good day?
30312	Broke niggas ain't shit cept to a broke bitch, and a hoe witout no dough is a hoe you won't see me wit.
32163	I'm actually in the same position but this bitch wanna act like a cunt towards me so guess what u ain't knowing shit 
32156	This bitch got me taking ibuprofen for the headache she's giving me ğŸ˜’ğŸ–•ğŸ–•ğŸ–•ğŸ–•ğŸ–•ğŸ–•ğŸ–•ğŸ–• cunt
32061	I may or may not have told my bitch ass neighbor that I'd rape her eye socket til she sees the light shining out my ass.... I did.
34260	two-faced bitch u fuckin annoying cunt ğŸ˜ğŸ˜…
30140	excuse my lingo when I call you hoe but bitch you know I talk like dat
31730	theres nothing more i hate than joffery. cunt lookin ass bitch
32542	So KD leaving Russ means he's a bitch an hoe, but Lebron allowing Kyrie to get traded and y'all not... nvm 
32957	"The shit Ima miss from home...""fuck it just rape the bitch."""
30870	You be chasing them hoes fuck what a bitch think
33637	you say you breaking bitch? where ya hoe at?
34308	anyway this bitch is back and ready to detest boygroups minus bts and bap with her whole heart and being
31048	Happy Birthday Bitch!! You not a teenager no more hoe. Its about damn time! Fuck it up like you been fucking it up!â€¦ 
30433	21 savage: You put a ring on that bitch and she a freak hoe     Also 21 Savage: 
30643	Oh yeah boy, I know you're talking to that bitch who hates me. I frankly don't care because she'll never be me. She's a little hoe
32795	Now that we good, don't be in my face acting like you ain't a hoe just waiting for your moment to gwym. Lil bitty bitch.
34285	Some bitch is legit stealing my snaps and Facebook pics. Like who are you. I made all new social media. Creepy ass hoe
33485	Ol' Mitch, Trump's little bitch looks forlorn. The two assholes behind him are laughing at him! Tough time workingâ€¦ 
32494	Woody Allen ..uflrghhjj .. hiding behind Hollywood production houses bitch raped his one step daughter and married another
32813	Bitch tf you tweeting and favoriting shit for ? You know ion fwy so CUT THE LAUGHS it ain't even about you hoe 
31604	Will I be offended when cunts celebrate my death by rejoicing and bitching about me?   No, because I'll be a dead cunt.  ğŸ˜‘
31597	this bitch escaped prison like 2 or 3 times and he fled to florida and killed more women there but a cop pulled him over and he was caught
33638	You actin like yo bum ass daddy scaring us BITCH I'll slap that nigga with my dick don't play hoe
33762	"That bitch scanned me like I wanted her boy ğŸ˜‚ bitch, I'll clock your jaw and look you dead in the eyes and say ""I don't fucken want him hoe"""
31309	Omar's ex is the biggest cunt ass bitch I have ever heard of if this annoying ass washed up art ho don't STFU actin like she somebody ~sigh~
30191	why does this whore actually beg off my boyfriend? he DONT like you bitch.
31953	it's time for me to BOSS UP on you bitch ass niggas & hoesğŸ˜›
30726	"Idk why hoes be on here tryna front.. all that ""I can't fuck wit different niggas"" bitch yes you can stop playin ğŸ˜‚ğŸ˜‚"
34465	Bitch shut your bubble gum ass the fuck up kick rocks hoe 
30944	Fuck being mad at a wack ass bitch! You know how these hoes be....
31545	Yo... Miguel Arango is actually such a hoe when you watch Rebelde again like he cheated on Mia then kept secretly liking Sabrina.. bitch bye
33291	It's 2017 n bitches still don't kno the difference between being freaky and being a whore ğŸ˜‚ğŸ˜‚
33815	she's a hoe, she's a bitch, she's ugly. but you dated her??????? please take a seat
31116	"I hate stupid ass questions   Like. ""My head hurt""    ""Why""    Bitch cause my head hurt hoe I have a headache"
33604	bitches be expecting you to stay around while they hoe , bitch u crazy
32825	why is this bitch ass whore sayign she wot give me my money cause i kept talking shit about her.
30958	The bitch in the red jacket at the oj parole is a cunt she trying any question to get him to slip up
31087	Coz I'm a femmy hoe bitch and I live my truth.
32937	ain't bout shit you hoes claim, bitch stop speaking on my name .
31763	clout man shoot cuntosaurus dis bitch
30932	This little bitch who used to be the homie but ranked out for being a bitch is now dating my baby mamağŸ˜‚ğŸ’€ shady shit haha you hoes nastyğŸ˜‚
30287	I love when needy bitches block me so I don't have to.     Like hello cunt I have a life
32258	Why would I have respect for a bitch that don't even have respect for herself. Hoe you not special
31596	on bd yo nigga a hoe â€” on me you a bitch  
31610	and no ian gon do fw yo clique but the next hoe that you love i bet i make that hoe my bitch âœ…
33639	she told me, you creeping with that hoeğŸ¤” she just another bitch but if she fuck me she could make me leave that other bitch.. ğŸ˜‚ğŸ˜‚ğŸ˜‚
31882	"the way society tells girls if they show off their body that they're a ""slut, whore, hoe, etc."" makes me SO MAD!! LET PEOPLE BE HAPPY!!"
32662	a whole BOX of oreos bitch
31452	Say yes to too many dates and you're a whore that dates too much. Say no to dates and you're a bitch that doesn't wâ€¦ 
32293	My mom think she is rational all the time when she says the cunt and bitch when yelling at a 8 year old and 13 year old
33943	Kim can burn in hell with my fat bitch sister. ğŸ˜Š yesssssssssssssssssssssss    And my ex whore theif murderer
33862	To all the bitch ass hoes that hate me the most, oh yeah I hate you too
31001	Plan to whore out my sexy bitch tomorrow night and look for hot tops.  Here is the funniest response I getğŸ˜‚ 
34115	You are a whore anyways, so don't complain bitch
30089	ğŸ˜‚ğŸ˜‚ğŸ˜‚lmfao I love you hoe bitch thanks dadddyğŸ‘… 
34006	For the hoe posting my man .. bitch you lame and just want clout GTFO ğŸ˜­ğŸ˜­
34584	bitch (whore) see i'm not your bitch
34427	Every time this one bitch opens her mouth Im just like ğŸ™„ what else huh ? What else you gon complain about today hoe.
33183	Bitches think I'm sayin' hoe like you fucc everybody. I say hoe like I say bitch. Lol try again.
32247	I'll eat a nigga phone before I let him sneak & put me on Snapchat IG Twitter FBğŸ’¯ bitch you not finna ever make me lose no hoes
33254	I don't fuck with none of y'all bitch ass whores-
33685	I need to smoke & you bitch ass plugs acting like hoes ğŸ˜¤
30421	so me being the nice ass bitch i am, apologized to him thru chat. like ur hoe sent him a long ass message im telling you .and he just SEENED
34591	If Germans want rapefugees they can keep them. Poland will not accept a single rapefugee. Not even one!!! Poland remains proud and firm!
31764	ğŸ‘¦ğŸš“ğŸš¨ you my nigga!!! You a bitch tho I'll fuck you up bitch. 2k , madden? Anything hoe
30195	Bitch I'm cool af if you curve me you a lame hoe ğŸ˜‚
31061	I literally HATE drunk me. Bitch is a lil cunt
30340	Boy you a hoe or a bitch if you will
34035	and bitch why is you still watching my page hoe you been blocked ğŸ˜‚ df
32925	whoever boonk is, he's a fuck nigga     'i don't wanna kiss your ugly ass anyways' after your bitch ass got rejected 
30471	Im sorry but i gotta revisit this. Wtf. That shit canoed like a bitch. I bet its a grape swisher ğŸ˜­ 
32439	A hoe got one time to fuck me over and it's fuck you forever lil bitch ğŸ–•
33021	hoes kill me wit thinking it's automatic beef cause we fucked wit the same nigga, bitch idgaf about you and i def had his head fucked up
33095	Karma a bitch y'all, ion fw that hoe
32366	Any mfing time this hoe always trying to make it seem like I'm the bad person you call for your daughter bitch you got her.
34170	Fanna start traveling bitch. Haha you hoes can't do that ğŸ¤—
34470	If I trick a bitch and let her think I'm Obamaa to fuck, is that rape? 
32296	A nigga that beat thou women is a bitchğŸ’¯
